{"cameraMode":{"drawMode":0,"name":"Shaded","section":"Shading Mode"},"sceneLighting":false,"audioPlay":false,"sceneViewState":{"showFog":true,"showMaterialUpdate":false,"showSkybox":false,"showFlares":true,"showImageEffects":true,"showParticleSystems":true},"in2DMode":false,"pivot":{"x":5.239999771118164,"y":1.4800000190734864,"z":4.210000038146973},"rotation":{"x":0.1398496925830841,"y":-0.8375611305236816,"z":0.25250333547592165,"w":0.46387961506843569},"size":2.666025161743164,"orthographic":false}