{"cameraMode":{"drawMode":0,"name":"Shaded","section":"Shading Mode"},"sceneLighting":true,"audioPlay":false,"sceneViewState":{"showFog":true,"showMaterialUpdate":false,"showSkybox":true,"showFlares":true,"showImageEffects":true,"showParticleSystems":true},"in2DMode":false,"pivot":{"x":1.3205175399780274,"y":4.754239559173584,"z":0.3509402275085449},"rotation":{"x":0.05359548702836037,"y":-0.8206262588500977,"z":0.07803612947463989,"w":0.5635824799537659},"size":2.4585156440734865,"orthographic":false}